Kernel_Name,Count,Sum(ns),Mean(ns),Median(ns),Pct
"void at::native::vectorized_elementwise_kernel<4, at::native::FillFunctor<int>, std::array<char*, 1ul> >(int, at::native::FillFunctor<int>, std::array<char*, 1ul>)",1404,59575021.125,42432.35122863248,42342.75,85.66219318503367
bias_kernel,1594,5755918.8125,3610.9904720828104,3471.25,8.276365160478901
matmul_kernel,152,3846198.53125,25303.937705592107,24692.703125,5.530401758828252
__amd_rocclr_copyBuffer,89,268785.0,3020.0561797752807,2986.59375,0.3864826593502828
"void at::native::(anonymous namespace)::distribution_elementwise_grid_stride_kernel<float, 4, at::native::templates::cuda::normal_and_transform<c10::Half, float, at::CUDAGeneratorImpl*, at::native::templates::cuda::normal_kernel<at::CUDAGeneratorImpl*>(at::TensorBase const&, double, double, at::CUDAGeneratorImpl*)::{lambda()#1}::operator()() const::{lambda()#3}::operator()() const::{lambda(float)#1}>(at::TensorIteratorBase&, at::CUDAGeneratorImpl*, at::native::templates::cuda::normal_kernel<at::CUDAGeneratorImpl*>(at::TensorBase const&, double, double, at::CUDAGeneratorImpl*)::{lambda()#1}::operator()() const::{lambda()#3}::operator()() const::{lambda(float)#1})::{lambda(hiprandStatePhilox4_32_10*)#2}, at::native::(anonymous namespace)::distribution_nullary_kernel<c10::Half, float, HIP_vector_type<float, 4u>, at::CUDAGeneratorImpl*, at::native::templates::cuda::normal_and_transform<c10::Half, float, at::CUDAGeneratorImpl*, at::native::templates::cuda::normal_kernel<at::CUDAGeneratorImpl*>(at::TensorBase const&, double, double, at::CUDAGeneratorImpl*)::{lambda()#1}::operator()() const::{lambda()#3}::operator()() const::{lambda(float)#1}>(at::TensorIteratorBase&, at::CUDAGeneratorImpl*, at::native::templates::cuda::normal_kernel<at::CUDAGeneratorImpl*>(at::TensorBase const&, double, double, at::CUDAGeneratorImpl*)::{lambda()#1}::operator()() const::{lambda()#3}::operator()() const::{lambda(float)#1})::{lambda(hiprandStatePhilox4_32_10*)#2}, at::native::templates::cuda::normal_kernel<at::CUDAGeneratorImpl*>(at::TensorBase const&, double, double, at::CUDAGeneratorImpl*)::{lambda()#1}::operator()() const::{lambda()#3}::operator()() const::{lambda(float)#1}>(at::TensorIteratorBase&, at::CUDAGeneratorImpl*, at::native::templates::cuda::normal_and_transform<c10::Half, float, at::CUDAGeneratorImpl*, at::native::templates::cuda::normal_kernel<at::CUDAGeneratorImpl*>(at::TensorBase const&, double, double, at::CUDAGeneratorImpl*)::{lambda()#1}::operator()() const::{lambda()#3}::operator()() const::{lambda(float)#1}>(at::TensorIteratorBase&, at::CUDAGeneratorImpl*, at::native::templates::cuda::normal_kernel<at::CUDAGeneratorImpl*>(at::TensorBase const&, double, double, at::CUDAGeneratorImpl*)::{lambda()#1}::operator()() const::{lambda()#3}::operator()() const::{lambda(float)#1})::{lambda(hiprandStatePhilox4_32_10*)#2} const&, at::native::templates::cuda::normal_kernel<at::CUDAGeneratorImpl*>(at::TensorBase const&, double, double, at::CUDAGeneratorImpl*)::{lambda()#1}::operator()() const::{lambda()#3}::operator()() const::{lambda(float)#1})::{lambda(int, float)#1}>(long, at::PhiloxCudaState, at::native::templates::cuda::normal_and_transform<c10::Half, float, at::CUDAGeneratorImpl*, at::native::templates::cuda::normal_kernel<at::CUDAGeneratorImpl*>(at::TensorBase const&, double, double, at::CUDAGeneratorImpl*)::{lambda()#1}::operator()() const::{lambda()#3}::operator()() const::{lambda(float)#1}>(at::TensorIteratorBase&, at::CUDAGeneratorImpl*, at::native::templates::cuda::normal_kernel<at::CUDAGeneratorImpl*>(at::TensorBase const&, double, double, at::CUDAGeneratorImpl*)::{lambda()#1}::operator()() const::{lambda()#3}::operator()() const::{lambda(float)#1})::{lambda(hiprandStatePhilox4_32_10*)#2}, at::native::(anonymous namespace)::distribution_nullary_kernel<c10::Half, float, HIP_vector_type<float, 4u>, at::CUDAGeneratorImpl*, at::native::templates::cuda::normal_and_transform<c10::Half, float, at::CUDAGeneratorImpl*, at::native::templates::cuda::normal_kernel<at::CUDAGeneratorImpl*>(at::TensorBase const&, double, double, at::CUDAGeneratorImpl*)::{lambda()#1}::operator()() const::{lambda()#3}::operator()() const::{lambda(float)#1}>(at::TensorIteratorBase&, at::CUDAGeneratorImpl*, at::native::templates::cuda::normal_kernel<at::CUDAGeneratorImpl*>(at::TensorBase const&, double, double, at::CUDAGeneratorImpl*)::{lambda()#1}::operator()() const::{lambda()#3}::operator()() const::{lambda(float)#1})::{lambda(hiprandStatePhilox4_32_10*)#2}, at::native::templates::cuda::normal_kernel<at::CUDAGeneratorImpl*>(at::TensorBase const&, double, double, at::CUDAGeneratorImpl*)::{lambda()#1}::operator()() const::{lambda()#3}::operator()() const::{lambda(float)#1}>(at::TensorIteratorBase&, at::CUDAGeneratorImpl*, at::native::templates::cuda::normal_and_transform<c10::Half, float, at::CUDAGeneratorImpl*, at::native::templates::cuda::normal_kernel<at::CUDAGeneratorImpl*>(at::TensorBase const&, double, double, at::CUDAGeneratorImpl*)::{lambda()#1}::operator()() const::{lambda()#3}::operator()() const::{lambda(float)#1}>(at::TensorIteratorBase&, at::CUDAGeneratorImpl*, at::native::templates::cuda::normal_kernel<at::CUDAGeneratorImpl*>(at::TensorBase const&, double, double, at::CUDAGeneratorImpl*)::{lambda()#1}::operator()() const::{lambda()#3}::operator()() const::{lambda(float)#1})::{lambda(hiprandStatePhilox4_32_10*)#2} const&, at::native::templates::cuda::normal_kernel<at::CUDAGeneratorImpl*>(at::TensorBase const&, double, double, at::CUDAGeneratorImpl*)::{lambda()#1}::operator()() const::{lambda()#3}::operator()() const::{lambda(float)#1})::{lambda(int, float)#1})",3,18722.90625,6240.96875,7286.65625,0.02692143757377097
"void at::native::(anonymous namespace)::CatArrayBatchedCopy_contig<at::native::(anonymous namespace)::OpaqueType<2u>, unsigned int, 1, 128, 1>(at::native::(anonymous namespace)::OpaqueType<2u>*, at::native::(anonymous namespace)::CatArrInputTensorMetadata<at::native::(anonymous namespace)::OpaqueType<2u>, unsigned int, 128, 1>, at::native::(anonymous namespace)::TensorSizeStride<unsigned int, 4u>, int, unsigned int)",7,16406.6875,2343.8125,2194.9375,0.023590975002805378
"void at::native::vectorized_elementwise_kernel<4, at::native::compare_scalar_kernel<double>(at::TensorIteratorBase&, at::native::(anonymous namespace)::OpType, double)::{lambda(double)#1}, std::array<char*, 2ul> >(int, at::native::compare_scalar_kernel<double>(at::TensorIteratorBase&, at::native::(anonymous namespace)::OpType, double)::{lambda(double)#1}, std::array<char*, 2ul>)",3,10276.75,3425.5833333333335,3417.75,0.014776812952649957
"void at::native::vectorized_elementwise_kernel<8, at::native::AUnaryFunctor<c10::Half, c10::Half, bool, at::native::(anonymous namespace)::CompareEqFunctor<c10::Half> >, std::array<char*, 2ul> >(int, at::native::AUnaryFunctor<c10::Half, c10::Half, bool, at::native::(anonymous namespace)::CompareEqFunctor<c10::Half> >, std::array<char*, 2ul>)",2,6163.75,3081.875,3081.875,0.008862780629760982
"void at::native::vectorized_elementwise_kernel<8, at::native::BinaryFunctor<c10::Half, c10::Half, bool, at::native::(anonymous namespace)::CompareEqFunctor<c10::Half> >, std::array<char*, 3ul> >(int, at::native::BinaryFunctor<c10::Half, c10::Half, bool, at::native::(anonymous namespace)::CompareEqFunctor<c10::Half> >, std::array<char*, 3ul>)",2,5222.0,2611.0,2611.0,0.007508649839563877
"void at::native::vectorized_elementwise_kernel<8, at::native::AbsFunctor<c10::Half>, std::array<char*, 2ul> >(int, at::native::AbsFunctor<c10::Half>, std::array<char*, 2ul>)",2,5191.5,2595.75,2595.75,0.007464794263135938
"void rocprim::ROCPRIM_400001_NS::detail::partition_kernel<(rocprim::ROCPRIM_400001_NS::detail::select_method)0, true, rocprim::ROCPRIM_400001_NS::detail::wrapped_partition_config<rocprim::ROCPRIM_400001_NS::default_config, (rocprim::ROCPRIM_400001_NS::detail::partition_subalgo)5, long, rocprim::ROCPRIM_400001_NS::empty_type>, hipcub::HIPCUB_400000_NS::CountingInputIterator<long, long>, rocprim::ROCPRIM_400001_NS::empty_type*, hipcub::HIPCUB_400000_NS::TransformInputIterator<bool, at::native::(anonymous namespace)::NonZeroOp<bool>, bool const*, long>, rocprim::ROCPRIM_400001_NS::tuple<long*, rocprim::ROCPRIM_400001_NS::empty_type>, rocprim::ROCPRIM_400001_NS::tuple<rocprim::ROCPRIM_400001_NS::empty_type*, rocprim::ROCPRIM_400001_NS::empty_type*>, rocprim::ROCPRIM_400001_NS::empty_type, rocprim::ROCPRIM_400001_NS::detail::lookback_scan_state<unsigned int, false, true>, rocprim::ROCPRIM_400001_NS::detail::block_id_wrapper<unsigned int, false>, rocprim::ROCPRIM_400001_NS::empty_type>(hipcub::HIPCUB_400000_NS::CountingInputIterator<long, long>, rocprim::ROCPRIM_400001_NS::empty_type*, hipcub::HIPCUB_400000_NS::TransformInputIterator<bool, at::native::(anonymous namespace)::NonZeroOp<bool>, bool const*, long>, rocprim::ROCPRIM_400001_NS::tuple<long*, rocprim::ROCPRIM_400001_NS::empty_type>, rocprim::ROCPRIM_400001_NS::tuple<rocprim::ROCPRIM_400001_NS::empty_type*, rocprim::ROCPRIM_400001_NS::empty_type*>, unsigned long*, unsigned long*, unsigned long, unsigned long, rocprim::ROCPRIM_400001_NS::empty_type, rocprim::ROCPRIM_400001_NS::detail::lookback_scan_state<unsigned int, false, true>, unsigned int, rocprim::ROCPRIM_400001_NS::detail::vsmem_t, rocprim::ROCPRIM_400001_NS::detail::block_id_wrapper<unsigned int, false>, rocprim::ROCPRIM_400001_NS::empty_type)",1,4219.65625,4219.65625,4219.65625,0.006067392038410037
"void at::native::reduce_kernel<512, 1, at::native::ReduceOp<double, at::native::func_wrapper_t<double, at::native::MinNanFunctor<double> >, unsigned int, double, 4, 4> >(at::native::ReduceOp<double, at::native::func_wrapper_t<double, at::native::MinNanFunctor<double> >, unsigned int, double, 4, 4>)",1,4186.25,4186.25,4186.25,0.006019357600703616
"void at::native::reduce_kernel<512, 1, at::native::ReduceOp<double, at::native::func_wrapper_t<double, at::native::MaxNanFunctor<double> >, unsigned int, double, 4, 4> >(at::native::ReduceOp<double, at::native::func_wrapper_t<double, at::native::MaxNanFunctor<double> >, unsigned int, double, 4, 4>)",1,4173.0,4173.0,4173.0,0.006000305587993118
__amd_rocclr_fillBufferAligned,2,3467.84375,1733.921875,1733.921875,0.0049863700530582335
"void at::native::elementwise_kernel_manual_unroll<128, 4, at::native::gpu_kernel_impl<at::native::direct_copy_kernel_cuda(at::TensorIteratorBase&)::{lambda()#3}::operator()() const::{lambda()#6}::operator()() const::{lambda(double)#1}>(at::TensorIteratorBase&, at::native::direct_copy_kernel_cuda(at::TensorIteratorBase&)::{lambda()#3}::operator()() const::{lambda()#6}::operator()() const::{lambda(double)#1} const&)::{lambda(int, bool)#1}>(int, at::native::gpu_kernel_impl<at::native::direct_copy_kernel_cuda(at::TensorIteratorBase&)::{lambda()#3}::operator()() const::{lambda()#6}::operator()() const::{lambda(double)#1}>(at::TensorIteratorBase&, at::native::direct_copy_kernel_cuda(at::TensorIteratorBase&)::{lambda()#3}::operator()() const::{lambda()#6}::operator()() const::{lambda(double)#1} const&)::{lambda(int, bool)#1})",1,3244.0,3244.0,3244.0,0.004664507866630643
"void at::native::index_elementwise_kernel<128, 4, at::native::gpu_index_kernel<at::native::index_kernel_impl<at::native::OpaqueType<2> >(at::TensorIteratorBase&, c10::ArrayRef<long>, c10::ArrayRef<long>)::{lambda(char*, char const*, long)#1}>(at::TensorIteratorBase&, c10::ArrayRef<long>, c10::ArrayRef<long>, at::native::index_kernel_impl<at::native::OpaqueType<2> >(at::TensorIteratorBase&, c10::ArrayRef<long>, c10::ArrayRef<long>)::{lambda(char*, char const*, long)#1} const&, bool)::{lambda(int)#1}>(long, at::native::gpu_index_kernel<at::native::index_kernel_impl<at::native::OpaqueType<2> >(at::TensorIteratorBase&, c10::ArrayRef<long>, c10::ArrayRef<long>)::{lambda(char*, char const*, long)#1}>(at::TensorIteratorBase&, c10::ArrayRef<long>, c10::ArrayRef<long>, at::native::index_kernel_impl<at::native::OpaqueType<2> >(at::TensorIteratorBase&, c10::ArrayRef<long>, c10::ArrayRef<long>)::{lambda(char*, char const*, long)#1} const&, bool)::{lambda(int)#1})",1,2916.59375,2916.59375,2916.59375,0.004193734429913923
"void at::native::vectorized_elementwise_kernel<16, at::native::BinaryFunctor<bool, bool, bool, at::native::BitwiseAndFunctor<bool> >, std::array<char*, 3ul> >(int, at::native::BinaryFunctor<bool, bool, bool, at::native::BitwiseAndFunctor<bool> >, std::array<char*, 3ul>)",1,2853.0,2853.0,2853.0,0.00410229375570198
"void at::native::vectorized_elementwise_kernel<16, at::native::BinaryFunctor<bool, bool, bool, at::native::binary_internal::MulFunctor<bool> >, std::array<char*, 3ul> >(int, at::native::BinaryFunctor<bool, bool, bool, at::native::binary_internal::MulFunctor<bool> >, std::array<char*, 3ul>)",1,2726.25,2726.25,2726.25,0.003920041483169479
"void at::native::vectorized_elementwise_kernel<4, at::native::BinaryFunctor<double, double, double, at::native::binary_internal::DivFunctor<double> >, std::array<char*, 3ul> >(int, at::native::BinaryFunctor<double, double, double, at::native::binary_internal::DivFunctor<double> >, std::array<char*, 3ul>)",1,2612.5,2612.5,2612.5,0.003756481751409542
"void rocprim::ROCPRIM_400001_NS::detail::block_reduce_kernel<true, false, 16u, rocprim::ROCPRIM_400001_NS::detail::wrapped_reduce_config<rocprim::ROCPRIM_400001_NS::default_config, int>, int, hipcub::HIPCUB_400000_NS::TransformInputIterator<bool, at::native::(anonymous namespace)::NonZeroOp<bool>, bool const*, long>, int*, int, hipcub::HIPCUB_400000_NS::detail::convert_binary_result_type_wrapper<hipcub::HIPCUB_400000_NS::Sum, hipcub::HIPCUB_400000_NS::TransformInputIterator<bool, at::native::(anonymous namespace)::NonZeroOp<bool>, bool const*, long>, int> >(hipcub::HIPCUB_400000_NS::TransformInputIterator<bool, at::native::(anonymous namespace)::NonZeroOp<bool>, bool const*, long>, unsigned long, int*, int, hipcub::HIPCUB_400000_NS::detail::convert_binary_result_type_wrapper<hipcub::HIPCUB_400000_NS::Sum, hipcub::HIPCUB_400000_NS::TransformInputIterator<bool, at::native::(anonymous namespace)::NonZeroOp<bool>, bool const*, long>, int>)",1,2211.84375,2211.84375,2211.84375,0.0031803830368781817
"void at::native::vectorized_elementwise_kernel<8, at::native::ceil_kernel_cuda(at::TensorIteratorBase&)::{lambda()#1}::operator()() const::{lambda()#3}::operator()() const::{lambda(c10::Half)#1}, std::array<char*, 2ul> >(int, at::native::ceil_kernel_cuda(at::TensorIteratorBase&)::{lambda()#1}::operator()() const::{lambda()#3}::operator()() const::{lambda(c10::Half)#1}, std::array<char*, 2ul>)",1,2158.09375,2158.09375,2158.09375,0.0031030965702223876
"void rocprim::ROCPRIM_400001_NS::detail::init_lookback_scan_state_kernel<rocprim::ROCPRIM_400001_NS::detail::lookback_scan_state<unsigned int, false, true> const>(rocprim::ROCPRIM_400001_NS::detail::lookback_scan_state<unsigned int, false, true> const, unsigned int, unsigned int, rocprim::ROCPRIM_400001_NS::detail::lookback_scan_state<unsigned int, false, true> const::value_type*)",1,2031.3125,2031.3125,2031.3125,0.0029207993636976444
"void rocprim::ROCPRIM_400001_NS::detail::transform_kernel<true, rocprim::ROCPRIM_400001_NS::detail::wrapped_transform_config<rocprim::ROCPRIM_400001_NS::default_config, unsigned long, true>, unsigned long, unsigned long*, int*, rocprim::ROCPRIM_400001_NS::identity<void> >(unsigned long*, unsigned long, int*, rocprim::ROCPRIM_400001_NS::identity<void>)",1,1750.5,1750.5,1750.5,0.00251702250941336
